my_party,opp_party,actual_lead,lead_type1,lead_type2,actual_back,actual_all_types
"カイリュー,サーフゴー,ウーラオス,オーガポン,ディンルー,ガチグマ(アカツキ)","パオジアン,ハバタクカミ,イーユイ,ガチグマ(アカツキ),カイリュー,オーガポン",イーユイ,あく,ほのお,"ハバタクカミ,カイリュー","フェアリー,ドラゴン,あく,ひこう,ほのお,ゴースト"
"ウーラオス,オーガポン,サーフゴー,ハッサム,ハバタクカミ,イーユイ","ハッサム,ハバタクカミ,イーユイ,オーガポン,ディンルー,ガチグマ(アカツキ)",ディンルー,あく,じめん,"ハッサム,ガチグマ(アカツキ)","あく,じめん,むし,はがね,ノーマル"
"イーユイ,トドロクツキ,ガチグマ(アカツキ),パオジアン,ディンルー,テツノツツミ","パオジアン,テツノツツミ,ディンルー,ウーラオス,ハバタクカミ,ガチグマ(アカツキ)",ウーラオス,かくとう,みず,"パオジアン,テツノツツミ","あく,かくとう,こおり,みず"
"テツノツツミ,ウーラオス,カイリュー,イーユイ,ハバタクカミ,パオジアン","ウーラオス,ハッサム,サーフゴー,ハバタクカミ,イーユイ,トドロクツキ",イーユイ,あく,ほのお,"ハバタクカミ,トドロクツキ","フェアリー,ドラゴン,あく,ほのお,ゴースト"
"ガチグマ(アカツキ),パオジアン,カイリュー,テツノツツミ,サーフゴー,トドロクツキ","パオジアン,ハバタクカミ,ガチグマ(アカツキ),ウーラオス,カイリュー,ディンルー",カイリュー,ドラゴン,ひこう,ディンルー,"ドラゴン,あく,ひこう,じめん"
"カイリュー,パオジアン,サーフゴー,ディンルー,ガチグマ(アカツキ),テツノツツミ","ディンルー,テツノツツミ,ハバタクカミ,オーガポン,サーフゴー,パオジアン",ディンルー,あく,じめん,"サーフゴー,パオジアン","こおり,あく,じめん,はがね,ゴースト"
"テツノツツミ,サーフゴー,パオジアン,ハバタクカミ,ディンルー,カイリュー","テツノツツミ,ハッサム,オーガポン,ウーラオス,サーフゴー,カイリュー",ウーラオス,かくとう,みず,"サーフゴー,オーガポン","くさ,みず,かくとう,はがね,ゴースト"
"カイリュー,ディンルー,ハバタクカミ,パオジアン,サーフゴー,ガチグマ(アカツキ)","カイリュー,サーフゴー,トドロクツキ,パオジアン,テツノツツミ,ディンルー",サーフゴー,はがね,ゴースト,"テツノツツミ,パオジアン","こおり,みず,あく,はがね,ゴースト"
"サーフゴー,ディンルー,カイリュー,ウーラオス,ガチグマ(アカツキ),テツノツツミ","ディンルー,サーフゴー,ハバタクカミ,パオジアン,トドロクツキ,イーユイ",イーユイ,あく,ほのお,トドロクツキ,"ほのお,あく,ドラゴン"
"ハッサム,オーガポン,イーユイ,テツノツツミ,ウーラオス,ディンルー","サーフゴー,イーユイ,ウーラオス,ガチグマ(アカツキ),テツノツツミ,パオジアン",テツノツツミ,こおり,みず,,"こおり,みず"
"パオジアン,サーフゴー,テツノツツミ,ディンルー,トドロクツキ,オーガポン","イーユイ,ハバタクカミ,ガチグマ(アカツキ),テツノツツミ,パオジアン,カイリュー",ガチグマ(アカツキ),ノーマル,じめん,パオジアン,"あく,こおり,ノーマル,じめん"
"カイリュー,パオジアン,オーガポン,ハッサム,テツノツツミ,ディンルー","ハバタクカミ,サーフゴー,ウーラオス,カイリュー,ハッサム,ディンルー",カイリュー,ドラゴン,ひこう,"サーフゴー,ウーラオス","みず,ドラゴン,ひこう,かくとう,はがね,ゴースト"
"テツノツツミ,サーフゴー,ハッサム,カイリュー,ガチグマ(アカツキ),ハバタクカミ","サーフゴー,トドロクツキ,ガチグマ(アカツキ),パオジアン,カイリュー,ディンルー",ディンルー,あく,じめん,"ガチグマ(アカツキ),サーフゴー","あく,じめん,はがね,ゴースト,ノーマル"
"パオジアン,カイリュー,サーフゴー,トドロクツキ,ディンルー,ガチグマ(アカツキ)","サーフゴー,オーガポン,ディンルー,ハッサム,ガチグマ(アカツキ),カイリュー",オーガポン,くさ,,"サーフゴー,ハッサム","くさ,むし,はがね,ゴースト"
"トドロクツキ,パオジアン,サーフゴー,オーガポン,ウーラオス,ディンルー","カイリュー,パオジアン,イーユイ,ハバタクカミ,トドロクツキ,ハッサム",カイリュー,ドラゴン,ひこう,"トドロクツキ,ハッサム","ドラゴン,あく,ひこう,むし,はがね"
"オーガポン,パオジアン,ディンルー,イーユイ,ガチグマ(アカツキ),ハッサム","ハバタクカミ,オーガポン,パオジアン,カイリュー,ディンルー,ウーラオス",ハバタクカミ,ゴースト,フェアリー,"ウーラオス,カイリュー","フェアリー,みず,ドラゴン,かくとう,ひこう,ゴースト"
"ディンルー,ウーラオス,サーフゴー,テツノツツミ,カイリュー,ハッサム","パオジアン,トドロクツキ,イーユイ,テツノツツミ,ハバタクカミ,ウーラオス",パオジアン,あく,こおり,"トドロクツキ,イーユイ","ドラゴン,あく,こおり,ほのお"
"サーフゴー,イーユイ,オーガポン,ハッサム,ディンルー,ガチグマ(アカツキ)","ディンルー,イーユイ,ガチグマ(アカツキ),カイリュー,ウーラオス,テツノツツミ",カイリュー,ドラゴン,ひこう,"イーユイ,ウーラオス","みず,ドラゴン,あく,ひこう,かくとう,ほのお"
"ウーラオス,ディンルー,オーガポン,ハッサム,イーユイ,パオジアン","カイリュー,イーユイ,テツノツツミ,パオジアン,トドロクツキ,ハバタクカミ",イーユイ,あく,ほのお,"テツノツツミ,パオジアン","ほのお,あく,こおり,みず"
"ディンルー,ガチグマ(アカツキ),トドロクツキ,ウーラオス,オーガポン,ハッサム","パオジアン,サーフゴー,ガチグマ(アカツキ),ハバタクカミ,カイリュー,ハッサム",ハッサム,むし,はがね,"ハバタクカミ,ガチグマ(アカツキ)","フェアリー,じめん,むし,はがね,ゴースト,ノーマル"
"カイリュー,トドロクツキ,ガチグマ(アカツキ),イーユイ,パオジアン,サーフゴー","イーユイ,オーガポン,トドロクツキ,テツノツツミ,ガチグマ(アカツキ),ウーラオス",オーガポン,くさ,,"イーユイ,トドロクツキ","ほのお,くさ,あく,ドラゴン"
"テツノツツミ,トドロクツキ,イーユイ,ハバタクカミ,サーフゴー,パオジアン","ハッサム,カイリュー,サーフゴー,トドロクツキ,ガチグマ(アカツキ),ディンルー",サーフゴー,はがね,ゴースト,,"はがね,ゴースト"
"ディンルー,ハッサム,パオジアン,ガチグマ(アカツキ),オーガポン,ハバタクカミ","カイリュー,オーガポン,ハバタクカミ,ディンルー,トドロクツキ,パオジアン",トドロクツキ,ドラゴン,あく,,"ドラゴン,あく"
"ガチグマ(アカツキ),サーフゴー,カイリュー,ディンルー,イーユイ,ウーラオス","パオジアン,オーガポン,カイリュー,ディンルー,トドロクツキ,ハバタクカミ",オーガポン,くさ,,"ハバタクカミ,トドロクツキ","フェアリー,くさ,ドラゴン,あく,ゴースト"
"パオジアン,イーユイ,ディンルー,ハバタクカミ,サーフゴー,ハッサム","ハッサム,ディンルー,カイリュー,イーユイ,ウーラオス,ガチグマ(アカツキ)",ウーラオス,かくとう,みず,"ハッサム,カイリュー","みず,ドラゴン,かくとう,ひこう,むし,はがね"
"ハッサム,テツノツツミ,オーガポン,ウーラオス,カイリュー,パオジアン","ハッサム,ハバタクカミ,ウーラオス,オーガポン,パオジアン,サーフゴー",オーガポン,くさ,,"ウーラオス,ハバタクカミ","フェアリー,くさ,みず,かくとう,ゴースト"
"パオジアン,ディンルー,オーガポン,イーユイ,トドロクツキ,サーフゴー","オーガポン,ガチグマ(アカツキ),イーユイ,ウーラオス,カイリュー,トドロクツキ",ガチグマ(アカツキ),ノーマル,じめん,ウーラオス,"みず,かくとう,ノーマル,じめん"
"カイリュー,トドロクツキ,ウーラオス,ハバタクカミ,ハッサム,イーユイ","ウーラオス,イーユイ,ハバタクカミ,ガチグマ(アカツキ),テツノツツミ,サーフゴー",テツノツツミ,こおり,みず,"サーフゴー,イーユイ","こおり,みず,あく,ほのお,はがね,ゴースト"
"テツノツツミ,パオジアン,オーガポン,ディンルー,イーユイ,カイリュー","ハッサム,ウーラオス,ディンルー,カイリュー,トドロクツキ,サーフゴー",トドロクツキ,ドラゴン,あく,"ウーラオス,サーフゴー","みず,ドラゴン,あく,かくとう,はがね,ゴースト"
"ハバタクカミ,カイリュー,ウーラオス,オーガポン,イーユイ,ガチグマ(アカツキ)","ガチグマ(アカツキ),トドロクツキ,パオジアン,カイリュー,イーユイ,ハバタクカミ",パオジアン,あく,こおり,"トドロクツキ,カイリュー","ドラゴン,ひこう,あく,こおり"
"オーガポン,ハバタクカミ,カイリュー,ウーラオス,ディンルー,パオジアン","オーガポン,ディンルー,カイリュー,ガチグマ(アカツキ),ハッサム,ウーラオス",オーガポン,くさ,,"カイリュー,ウーラオス","くさ,みず,ドラゴン,ひこう,かくとう"
"カイリュー,ハバタクカミ,テツノツツミ,ハッサム,ウーラオス,ガチグマ(アカツキ)","オーガポン,パオジアン,イーユイ,ウーラオス,テツノツツミ,カイリュー",ウーラオス,かくとう,みず,"オーガポン,イーユイ","くさ,みず,あく,かくとう,ほのお"
"イーユイ,ハッサム,カイリュー,サーフゴー,ウーラオス,テツノツツミ","トドロクツキ,ウーラオス,ディンルー,ガチグマ(アカツキ),パオジアン,サーフゴー",トドロクツキ,ドラゴン,あく,"パオジアン,ディンルー","ドラゴン,あく,こおり,じめん"
"ハッサム,パオジアン,ハバタクカミ,ウーラオス,テツノツツミ,ディンルー","カイリュー,イーユイ,トドロクツキ,ウーラオス,オーガポン,テツノツツミ",イーユイ,あく,ほのお,,"ほのお,あく"
"ハッサム,ウーラオス,イーユイ,カイリュー,テツノツツミ,ハバタクカミ","サーフゴー,カイリュー,ディンルー,パオジアン,テツノツツミ,ハバタクカミ",テツノツツミ,こおり,みず,"カイリュー,サーフゴー","こおり,みず,ドラゴン,ひこう,はがね,ゴースト"
"ハッサム,カイリュー,オーガポン,ウーラオス,ディンルー,パオジアン","テツノツツミ,ガチグマ(アカツキ),トドロクツキ,ウーラオス,ディンルー,ハッサム",ハッサム,むし,はがね,"ガチグマ(アカツキ),ウーラオス","みず,かくとう,じめん,むし,はがね,ノーマル"
"トドロクツキ,オーガポン,テツノツツミ,ウーラオス,ディンルー,カイリュー","カイリュー,トドロクツキ,パオジアン,ディンルー,ハバタクカミ,ガチグマ(アカツキ)",ハバタクカミ,ゴースト,フェアリー,カイリュー,"フェアリー,ひこう,ドラゴン,ゴースト"
"テツノツツミ,ガチグマ(アカツキ),パオジアン,ハッサム,ウーラオス,トドロクツキ","イーユイ,ディンルー,ウーラオス,ハッサム,カイリュー,トドロクツキ",ハッサム,むし,はがね,"ウーラオス,ディンルー","みず,あく,かくとう,じめん,むし,はがね"
"ディンルー,テツノツツミ,カイリュー,サーフゴー,トドロクツキ,パオジアン","カイリュー,トドロクツキ,イーユイ,テツノツツミ,ハバタクカミ,サーフゴー",トドロクツキ,ドラゴン,あく,"テツノツツミ,ハバタクカミ","フェアリー,こおり,みず,ドラゴン,あく,ゴースト"
"イーユイ,ガチグマ(アカツキ),ディンルー,トドロクツキ,ウーラオス,カイリュー","カイリュー,テツノツツミ,パオジアン,ハッサム,イーユイ,ディンルー",カイリュー,ドラゴン,ひこう,"パオジアン,テツノツツミ","こおり,みず,ドラゴン,あく,ひこう"
"ハッサム,イーユイ,トドロクツキ,ガチグマ(アカツキ),ディンルー,オーガポン","カイリュー,オーガポン,トドロクツキ,ウーラオス,ハバタクカミ,ディンルー",トドロクツキ,ドラゴン,あく,"カイリュー,ハバタクカミ","フェアリー,ドラゴン,ひこう,あく,ゴースト"
"サーフゴー,ガチグマ(アカツキ),ディンルー,イーユイ,ハッサム,オーガポン","テツノツツミ,イーユイ,ディンルー,ガチグマ(アカツキ),サーフゴー,ウーラオス",サーフゴー,はがね,ゴースト,ガチグマ(アカツキ),"はがね,ゴースト,ノーマル,じめん"
"オーガポン,トドロクツキ,ハバタクカミ,ウーラオス,ガチグマ(アカツキ),サーフゴー","イーユイ,ディンルー,パオジアン,ガチグマ(アカツキ),オーガポン,ハバタクカミ",ハバタクカミ,ゴースト,フェアリー,"イーユイ,ガチグマ(アカツキ)","フェアリー,あく,じめん,ほのお,ゴースト,ノーマル"
"カイリュー,テツノツツミ,トドロクツキ,サーフゴー,ディンルー,ウーラオス","イーユイ,ハッサム,ガチグマ(アカツキ),オーガポン,テツノツツミ,パオジアン",イーユイ,あく,ほのお,ガチグマ(アカツキ),"ほのお,あく,ノーマル,じめん"
"パオジアン,イーユイ,サーフゴー,トドロクツキ,ハバタクカミ,ディンルー","トドロクツキ,サーフゴー,ハッサム,ガチグマ(アカツキ),ウーラオス,パオジアン",サーフゴー,はがね,ゴースト,"ウーラオス,トドロクツキ","みず,ドラゴン,かくとう,あく,はがね,ゴースト"
"ガチグマ(アカツキ),ディンルー,ウーラオス,トドロクツキ,イーユイ,パオジアン","オーガポン,イーユイ,テツノツツミ,カイリュー,トドロクツキ,ハッサム",テツノツツミ,こおり,みず,"ハッサム,カイリュー","こおり,みず,ドラゴン,ひこう,むし,はがね"
"ガチグマ(アカツキ),サーフゴー,ディンルー,ハバタクカミ,パオジアン,イーユイ","ウーラオス,テツノツツミ,トドロクツキ,ガチグマ(アカツキ),オーガポン,ディンルー",ガチグマ(アカツキ),ノーマル,じめん,"ウーラオス,テツノツツミ","こおり,みず,かくとう,じめん,ノーマル"
"イーユイ,テツノツツミ,ディンルー,ウーラオス,パオジアン,オーガポン","ハバタクカミ,パオジアン,ハッサム,ガチグマ(アカツキ),トドロクツキ,ディンルー",トドロクツキ,ドラゴン,あく,"パオジアン,ハバタクカミ","フェアリー,こおり,ドラゴン,あく,ゴースト"
"オーガポン,パオジアン,ディンルー,カイリュー,ハッサム,ウーラオス","ウーラオス,カイリュー,テツノツツミ,ハバタクカミ,パオジアン,ハッサム",ハバタクカミ,ゴースト,フェアリー,"パオジアン,テツノツツミ","フェアリー,こおり,みず,あく,ゴースト"
"トドロクツキ,ハバタクカミ,イーユイ,ハッサム,ウーラオス,テツノツツミ","パオジアン,トドロクツキ,テツノツツミ,カイリュー,ハッサム,イーユイ",パオジアン,あく,こおり,"テツノツツミ,イーユイ","ほのお,あく,こおり,みず"
"テツノツツミ,ディンルー,ハバタクカミ,ガチグマ(アカツキ),ハッサム,パオジアン","ガチグマ(アカツキ),パオジアン,オーガポン,テツノツツミ,サーフゴー,ウーラオス",ガチグマ(アカツキ),ノーマル,じめん,"パオジアン,テツノツツミ","こおり,みず,あく,じめん,ノーマル"
"イーユイ,ウーラオス,オーガポン,ハッサム,テツノツツミ,サーフゴー","ガチグマ(アカツキ),ウーラオス,テツノツツミ,トドロクツキ,ディンルー,パオジアン",ディンルー,あく,じめん,"ウーラオス,パオジアン","こおり,みず,あく,かくとう,じめん"
"ハバタクカミ,ガチグマ(アカツキ),トドロクツキ,イーユイ,テツノツツミ,オーガポン","ガチグマ(アカツキ),ハッサム,イーユイ,ディンルー,サーフゴー,パオジアン",パオジアン,あく,こおり,,"あく,こおり"
"サーフゴー,テツノツツミ,トドロクツキ,イーユイ,ウーラオス,オーガポン","ディンルー,イーユイ,ウーラオス,ハバタクカミ,オーガポン,ハッサム",ディンルー,あく,じめん,"ハバタクカミ,イーユイ","フェアリー,あく,じめん,ほのお,ゴースト"
"カイリュー,ハッサム,サーフゴー,パオジアン,トドロクツキ,ハバタクカミ","ガチグマ(アカツキ),カイリュー,オーガポン,ディンルー,ハッサム,ハバタクカミ",ハバタクカミ,ゴースト,フェアリー,ハッサム,"フェアリー,むし,はがね,ゴースト"
"カイリュー,ハバタクカミ,トドロクツキ,ガチグマ(アカツキ),オーガポン,イーユイ","ディンルー,ハバタクカミ,トドロクツキ,サーフゴー,ガチグマ(アカツキ),パオジアン",ディンルー,あく,じめん,"パオジアン,ハバタクカミ","フェアリー,こおり,あく,じめん,ゴースト"
"カイリュー,テツノツツミ,ディンルー,イーユイ,ハッサム,サーフゴー","カイリュー,サーフゴー,ハバタクカミ,パオジアン,イーユイ,オーガポン",サーフゴー,はがね,ゴースト,"カイリュー,オーガポン","くさ,ドラゴン,ひこう,はがね,ゴースト"
"イーユイ,ウーラオス,カイリュー,ガチグマ(アカツキ),ハバタクカミ,オーガポン","カイリュー,サーフゴー,ディンルー,ウーラオス,パオジアン,ガチグマ(アカツキ)",ウーラオス,かくとう,みず,"サーフゴー,パオジアン","こおり,みず,あく,かくとう,はがね,ゴースト"
"テツノツツミ,ガチグマ(アカツキ),カイリュー,ディンルー,ハッサム,イーユイ","ディンルー,オーガポン,パオジアン,トドロクツキ,ガチグマ(アカツキ),ハッサム",ディンルー,あく,じめん,"オーガポン,パオジアン","くさ,あく,こおり,じめん"
"ハバタクカミ,パオジアン,ガチグマ(アカツキ),ディンルー,トドロクツキ,カイリュー","トドロクツキ,イーユイ,ハッサム,ディンルー,パオジアン,ガチグマ(アカツキ)",イーユイ,あく,ほのお,"ディンルー,ハッサム","あく,じめん,ほのお,むし,はがね"
"テツノツツミ,サーフゴー,ガチグマ(アカツキ),ディンルー,オーガポン,ハバタクカミ","オーガポン,サーフゴー,トドロクツキ,カイリュー,テツノツツミ,ガチグマ(アカツキ)",ガチグマ(アカツキ),ノーマル,じめん,"テツノツツミ,カイリュー","こおり,みず,ドラゴン,ひこう,じめん,ノーマル"
"ハッサム,パオジアン,ディンルー,ウーラオス,カイリュー,トドロクツキ","テツノツツミ,ディンルー,サーフゴー,オーガポン,カイリュー,ハバタクカミ",ディンルー,あく,じめん,"テツノツツミ,オーガポン","くさ,こおり,みず,あく,じめん"
"ハッサム,サーフゴー,オーガポン,パオジアン,ガチグマ(アカツキ),テツノツツミ","パオジアン,ハッサム,サーフゴー,ハバタクカミ,テツノツツミ,オーガポン",ハバタクカミ,ゴースト,フェアリー,ハッサム,"フェアリー,むし,はがね,ゴースト"
"ガチグマ(アカツキ),トドロクツキ,パオジアン,カイリュー,ウーラオス,ディンルー","ハバタクカミ,オーガポン,ディンルー,ガチグマ(アカツキ),サーフゴー,ハッサム",ガチグマ(アカツキ),ノーマル,じめん,"ハバタクカミ,ハッサム","フェアリー,じめん,むし,はがね,ゴースト,ノーマル"
"テツノツツミ,パオジアン,ハッサム,ガチグマ(アカツキ),カイリュー,オーガポン","ハッサム,ハバタクカミ,イーユイ,テツノツツミ,オーガポン,パオジアン",テツノツツミ,こおり,みず,"ハッサム,パオジアン","こおり,みず,あく,むし,はがね"
"テツノツツミ,ディンルー,ガチグマ(アカツキ),トドロクツキ,ウーラオス,パオジアン","オーガポン,ハッサム,イーユイ,トドロクツキ,カイリュー,パオジアン",カイリュー,ドラゴン,ひこう,"イーユイ,ハッサム","ドラゴン,あく,ひこう,ほのお,むし,はがね"
"イーユイ,パオジアン,カイリュー,ハバタクカミ,テツノツツミ,ハッサム","カイリュー,テツノツツミ,イーユイ,パオジアン,ディンルー,トドロクツキ",カイリュー,ドラゴン,ひこう,"トドロクツキ,パオジアン","ドラゴン,あく,ひこう,こおり"
"ハッサム,トドロクツキ,テツノツツミ,カイリュー,サーフゴー,ハバタクカミ","ハバタクカミ,カイリュー,ディンルー,サーフゴー,テツノツツミ,イーユイ",テツノツツミ,こおり,みず,"サーフゴー,ハバタクカミ","フェアリー,こおり,みず,はがね,ゴースト"
"ウーラオス,イーユイ,ディンルー,カイリュー,オーガポン,ガチグマ(アカツキ)","カイリュー,テツノツツミ,ディンルー,イーユイ,ハッサム,ウーラオス",カイリュー,ドラゴン,ひこう,テツノツツミ,"ドラゴン,ひこう,こおり,みず"
"パオジアン,テツノツツミ,ハッサム,イーユイ,カイリュー,ディンルー","オーガポン,ガチグマ(アカツキ),サーフゴー,ディンルー,イーユイ,ハッサム",ディンルー,あく,じめん,"オーガポン,ガチグマ(アカツキ)","くさ,あく,ノーマル,じめん"
"カイリュー,ディンルー,ガチグマ(アカツキ),パオジアン,サーフゴー,ウーラオス","テツノツツミ,サーフゴー,パオジアン,オーガポン,ディンルー,ガチグマ(アカツキ)",テツノツツミ,こおり,みず,"オーガポン,パオジアン","くさ,あく,こおり,みず"
"ディンルー,カイリュー,ガチグマ(アカツキ),ウーラオス,イーユイ,ハバタクカミ","サーフゴー,テツノツツミ,ハバタクカミ,ウーラオス,イーユイ,パオジアン",テツノツツミ,こおり,みず,"パオジアン,ハバタクカミ","フェアリー,こおり,みず,あく,ゴースト"
"ハバタクカミ,イーユイ,トドロクツキ,パオジアン,オーガポン,ハッサム","テツノツツミ,ハッサム,ディンルー,サーフゴー,オーガポン,ガチグマ(アカツキ)",サーフゴー,はがね,ゴースト,"テツノツツミ,オーガポン","くさ,こおり,みず,はがね,ゴースト"
"ガチグマ(アカツキ),サーフゴー,パオジアン,ウーラオス,イーユイ,トドロクツキ","ディンルー,トドロクツキ,ハバタクカミ,カイリュー,ハッサム,イーユイ",カイリュー,ドラゴン,ひこう,"ハバタクカミ,トドロクツキ","フェアリー,ドラゴン,ひこう,あく,ゴースト"
"テツノツツミ,ハバタクカミ,トドロクツキ,ハッサム,ウーラオス,ガチグマ(アカツキ)","カイリュー,パオジアン,ガチグマ(アカツキ),トドロクツキ,オーガポン,サーフゴー",パオジアン,あく,こおり,サーフゴー,"あく,こおり,ゴースト,はがね"
"ディンルー,ハバタクカミ,パオジアン,ガチグマ(アカツキ),ハッサム,テツノツツミ","ガチグマ(アカツキ),カイリュー,トドロクツキ,ウーラオス,サーフゴー,イーユイ",イーユイ,あく,ほのお,"ガチグマ(アカツキ),トドロクツキ","ドラゴン,あく,じめん,ほのお,ノーマル"
"カイリュー,ウーラオス,トドロクツキ,イーユイ,ガチグマ(アカツキ),パオジアン","ハバタクカミ,ガチグマ(アカツキ),ハッサム,オーガポン,カイリュー,パオジアン",オーガポン,くさ,,"パオジアン,ハッサム","くさ,こおり,あく,むし,はがね"
"ハッサム,ハバタクカミ,ウーラオス,サーフゴー,カイリュー,イーユイ","オーガポン,ガチグマ(アカツキ),イーユイ,ディンルー,ウーラオス,パオジアン",ガチグマ(アカツキ),ノーマル,じめん,"ディンルー,オーガポン","くさ,あく,ノーマル,じめん"
"ガチグマ(アカツキ),ハバタクカミ,カイリュー,ウーラオス,オーガポン,サーフゴー","イーユイ,サーフゴー,トドロクツキ,ウーラオス,ハバタクカミ,ディンルー",ディンルー,あく,じめん,"ハバタクカミ,イーユイ","フェアリー,あく,じめん,ほのお,ゴースト"
"カイリュー,ディンルー,イーユイ,ハバタクカミ,ハッサム,ウーラオス","トドロクツキ,ハバタクカミ,ウーラオス,ディンルー,テツノツツミ,サーフゴー",ウーラオス,かくとう,みず,"ハバタクカミ,トドロクツキ","フェアリー,みず,ドラゴン,かくとう,あく,ゴースト"
"パオジアン,ディンルー,オーガポン,テツノツツミ,カイリュー,ウーラオス","ガチグマ(アカツキ),ディンルー,ウーラオス,ハッサム,オーガポン,テツノツツミ",ウーラオス,かくとう,みず,"ディンルー,オーガポン","くさ,みず,あく,かくとう,じめん"
"ディンルー,ウーラオス,トドロクツキ,イーユイ,テツノツツミ,パオジアン","ハバタクカミ,ハッサム,オーガポン,ウーラオス,イーユイ,トドロクツキ",ハバタクカミ,ゴースト,フェアリー,"ハッサム,オーガポン","フェアリー,くさ,むし,はがね,ゴースト"
"サーフゴー,ガチグマ(アカツキ),オーガポン,テツノツツミ,イーユイ,ウーラオス","サーフゴー,ウーラオス,ガチグマ(アカツキ),テツノツツミ,オーガポン,ディンルー",オーガポン,くさ,,"ディンルー,サーフゴー","くさ,あく,じめん,はがね,ゴースト"
"サーフゴー,カイリュー,ディンルー,トドロクツキ,ハッサム,パオジアン","ガチグマ(アカツキ),イーユイ,ハッサム,トドロクツキ,パオジアン,ハバタクカミ",イーユイ,あく,ほのお,"ガチグマ(アカツキ),ハバタクカミ","フェアリー,あく,じめん,ほのお,ゴースト,ノーマル"
"テツノツツミ,ディンルー,ハッサム,トドロクツキ,ガチグマ(アカツキ),サーフゴー","サーフゴー,トドロクツキ,イーユイ,カイリュー,テツノツツミ,ガチグマ(アカツキ)",カイリュー,ドラゴン,ひこう,"サーフゴー,トドロクツキ","ドラゴン,あく,ひこう,はがね,ゴースト"
"オーガポン,イーユイ,トドロクツキ,ディンルー,サーフゴー,テツノツツミ","イーユイ,ディンルー,ガチグマ(アカツキ),ウーラオス,ハッサム,トドロクツキ",イーユイ,あく,ほのお,ハッサム,"ほのお,むし,あく,はがね"
"ハッサム,ガチグマ(アカツキ),ディンルー,イーユイ,ウーラオス,オーガポン","ディンルー,ガチグマ(アカツキ),カイリュー,トドロクツキ,パオジアン,オーガポン",オーガポン,くさ,,"パオジアン,ディンルー","くさ,あく,こおり,じめん"
"カイリュー,サーフゴー,テツノツツミ,ウーラオス,ディンルー,ハバタクカミ","カイリュー,テツノツツミ,イーユイ,ハッサム,パオジアン,ハバタクカミ",テツノツツミ,こおり,みず,"イーユイ,ハバタクカミ","フェアリー,こおり,みず,あく,ほのお,ゴースト"
"テツノツツミ,ガチグマ(アカツキ),ハッサム,ディンルー,カイリュー,イーユイ","パオジアン,ハバタクカミ,サーフゴー,ガチグマ(アカツキ),ディンルー,オーガポン",ハバタクカミ,ゴースト,フェアリー,"パオジアン,サーフゴー","フェアリー,こおり,あく,はがね,ゴースト"
"トドロクツキ,オーガポン,ディンルー,パオジアン,カイリュー,イーユイ","ハッサム,パオジアン,テツノツツミ,ガチグマ(アカツキ),オーガポン,カイリュー",ガチグマ(アカツキ),ノーマル,じめん,,"ノーマル,じめん"
"トドロクツキ,カイリュー,ディンルー,イーユイ,ハバタクカミ,オーガポン","オーガポン,イーユイ,ハッサム,ウーラオス,ディンルー,ハバタクカミ",ハバタクカミ,ゴースト,フェアリー,"ディンルー,イーユイ","フェアリー,あく,じめん,ほのお,ゴースト"
"ハッサム,ハバタクカミ,イーユイ,トドロクツキ,オーガポン,テツノツツミ","イーユイ,オーガポン,トドロクツキ,サーフゴー,テツノツツミ,ウーラオス",トドロクツキ,ドラゴン,あく,"テツノツツミ,イーユイ","こおり,みず,ドラゴン,あく,ほのお"
"イーユイ,ガチグマ(アカツキ),ディンルー,カイリュー,ハッサム,ハバタクカミ","トドロクツキ,ディンルー,ガチグマ(アカツキ),カイリュー,ハバタクカミ,オーガポン",ガチグマ(アカツキ),ノーマル,じめん,ハバタクカミ,"フェアリー,ゴースト,ノーマル,じめん"
"パオジアン,サーフゴー,トドロクツキ,ウーラオス,オーガポン,ハバタクカミ","ハバタクカミ,イーユイ,ハッサム,サーフゴー,ガチグマ(アカツキ),ウーラオス",ガチグマ(アカツキ),ノーマル,じめん,"サーフゴー,ハッサム","じめん,むし,はがね,ゴースト,ノーマル"
"カイリュー,ディンルー,サーフゴー,ガチグマ(アカツキ),パオジアン,イーユイ","ハバタクカミ,パオジアン,オーガポン,ガチグマ(アカツキ),カイリュー,サーフゴー",サーフゴー,はがね,ゴースト,,"はがね,ゴースト"
"ハッサム,イーユイ,ウーラオス,テツノツツミ,サーフゴー,ガチグマ(アカツキ)","サーフゴー,ハバタクカミ,トドロクツキ,カイリュー,パオジアン,イーユイ",カイリュー,ドラゴン,ひこう,"イーユイ,パオジアン","こおり,ドラゴン,あく,ひこう,ほのお"
"トドロクツキ,ディンルー,ガチグマ(アカツキ),テツノツツミ,カイリュー,サーフゴー","カイリュー,イーユイ,ウーラオス,トドロクツキ,サーフゴー,ガチグマ(アカツキ)",カイリュー,ドラゴン,ひこう,"トドロクツキ,ウーラオス","みず,ドラゴン,あく,ひこう,かくとう"
"イーユイ,カイリュー,ディンルー,オーガポン,ウーラオス,ハッサム","パオジアン,ディンルー,テツノツツミ,ガチグマ(アカツキ),ハバタクカミ,オーガポン",パオジアン,あく,こおり,,"あく,こおり"
"パオジアン,ガチグマ(アカツキ),ハッサム,テツノツツミ,ハバタクカミ,ウーラオス","テツノツツミ,ハッサム,サーフゴー,ウーラオス,ガチグマ(アカツキ),オーガポン",サーフゴー,はがね,ゴースト,テツノツツミ,"こおり,はがね,ゴースト,みず"
"カイリュー,ウーラオス,ハバタクカミ,サーフゴー,ディンルー,オーガポン","ハッサム,ディンルー,ウーラオス,イーユイ,テツノツツミ,カイリュー",イーユイ,あく,ほのお,"ハッサム,ディンルー","あく,じめん,ほのお,むし,はがね"
"カイリュー,ハバタクカミ,サーフゴー,オーガポン,ウーラオス,パオジアン","カイリュー,ハバタクカミ,サーフゴー,オーガポン,ウーラオス,パオジアン",ウーラオス,かくとう,みず,,"みず,かくとう"
"カイリュー,ハバタクカミ,サーフゴー,オーガポン,ウーラオス,パオジアン","カイリュー,ハバタクカミ,サーフゴー,オーガポン,ウーラオス,パオジアン",ウーラオス,かくとう,みず,,"みず,かくとう"
"カイリュー,ハバタクカミ,サーフゴー,オーガポン,ウーラオス,パオジアン","ウーラオス,ガチグマ(アカツキ),ディンルー,トドロクツキ,テツノツツミ,オーガポン",オーガポン,くさ,,,くさ
"イーユイ,テツノツツミ,ガチグマ(アカツキ),カイリュー,オーガポン,ハッサム","ウーラオス,カイリュー,テツノツツミ,ガチグマ(アカツキ),イーユイ,トドロクツキ",ガチグマ(アカツキ),
"イーユイ,ウーラオス,オーガポン,カイリュー,ガチグマ(アカツキ),サーフゴー","イーユイ,ウーラオス,オーガポン,カイリュー,ガチグマ(アカツキ),サーフゴー",イーユイ,"カイリュー,ウーラオス"
"ガチグマ(アカツキ),ウーラオス,サーフゴー,ディンルー,カイリュー,オーガポン","イーユイ,オーガポン,サーフゴー,テツノツツミ,ディンルー,ガチグマ(アカツキ)",イーユイ,"サーフゴー,オーガポン"
"イーユイ,オーガポン,サーフゴー,テツノツツミ,ディンルー,ガチグマ(アカツキ)","ガチグマ(アカツキ),ウーラオス,サーフゴー,ディンルー,カイリュー,オーガポン",ガチグマ(アカツキ),カイリュー
"イーユイ,ウーラオス,オーガポン,カイリュー,ガチグマ(アカツキ),サーフゴー","イーユイ,ウーラオス,オーガポン,カイリュー,ガチグマ(アカツキ),サーフゴー",ウーラオス,カイリュー
"イーユイ,ウーラオス,オーガポン,カイリュー,ガチグマ(アカツキ),サーフゴー","イーユイ,ウーラオス,オーガポン,カイリュー,ガチグマ(アカツキ),サーフゴー",イーユイ,"オーガポン,カイリュー"
"イーユイ,ウーラオス,オーガポン,カイリュー,ガチグマ(アカツキ),サーフゴー","ウーラオス,サーフゴー,ディンルー,ガチグマ(アカツキ),オーガポン,トドロクツキ",サーフゴー,"ウーラオス,ディンルー"
"ウーラオス,サーフゴー,ディンルー,ガチグマ(アカツキ),オーガポン,トドロクツキ","イーユイ,ウーラオス,オーガポン,カイリュー,ガチグマ(アカツキ),サーフゴー",イーユイ,"オーガポン,ガチグマ(アカツキ)"
"イーユイ,ウーラオス,オーガポン,カイリュー,ガチグマ(アカツキ),サーフゴー","ウーラオス,テツノツツミ,ガチグマ(アカツキ),カイリュー,オーガポン,イーユイ",ウーラオス,
"ウーラオス,テツノツツミ,ガチグマ(アカツキ),カイリュー,オーガポン,イーユイ","イーユイ,ウーラオス,オーガポン,カイリュー,ガチグマ(アカツキ),サーフゴー",イーユイ,
"イーユイ,カイリュー,ディンルー,サーフゴー,ガチグマ(アカツキ),テツノツツミ","ウーラオス,サーフゴー,テツノツツミ,ガチグマ(アカツキ),カイリュー,イーユイ",サーフゴー,"ウーラオス,テツノツツミ"
"ウーラオス,サーフゴー,テツノツツミ,ガチグマ(アカツキ),カイリュー,イーユイ","イーユイ,カイリュー,ディンルー,サーフゴー,ガチグマ(アカツキ),テツノツツミ",ディンルー,"イーユイ,サーフゴー"
"オーガポン,ガチグマ(アカツキ),ディンルー,カイリュー,イーユイ,サーフゴー","オーガポン,サーフゴー,テツノツツミ,ウーラオス,トドロクツキ,ハバタクカミ",オーガポン,"サーフゴー,テツノツツミ"
"オーガポン,サーフゴー,テツノツツミ,ウーラオス,トドロクツキ,ハバタクカミ","オーガポン,ガチグマ(アカツキ),ディンルー,カイリュー,イーユイ,サーフゴー",オーガポン,"ガチグマ(アカツキ),ディンルー"
"イーユイ,ウーラオス,オーガポン,カイリュー,ガチグマ(アカツキ),サーフゴー","ウーラオス,カイリュー,ガチグマ(アカツキ),サーフゴー,テツノツツミ,ディンルー",カイリュー,"サーフゴー,ガチグマ(アカツキ)"
"ウーラオス,カイリュー,ガチグマ(アカツキ),サーフゴー,テツノツツミ,ディンルー","イーユイ,ウーラオス,オーガポン,カイリュー,ガチグマ(アカツキ),サーフゴー",ウーラオス,"オーガポン,カイリュー"
"イーユイ,ウーラオス,オーガポン,カイリュー,ガチグマ(アカツキ),パオジアン","ウーラオス,オーガポン,カイリュー,ガチグマ(アカツキ),サーフゴー,テツノツツミ",カイリュー,
"ウーラオス,オーガポン,カイリュー,ガチグマ(アカツキ),サーフゴー,テツノツツミ","イーユイ,ウーラオス,オーガポン,カイリュー,ガチグマ(アカツキ),パオジアン",ガチグマ(アカツキ),
"ウーラオス,カイリュー,ガチグマ(アカツキ),サーフゴー,テツノツツミ,ディンルー","イーユイ,ウーラオス,オーガポン,カイリュー,ガチグマ(アカツキ),サーフゴー",イーユイ,カイリュー
"イーユイ,ウーラオス,オーガポン,カイリュー,ガチグマ(アカツキ),サーフゴー","ウーラオス,カイリュー,ガチグマ(アカツキ),サーフゴー,テツノツツミ,ディンルー",ディンルー,"サーフゴー,ウーラオス"
"カイリュー,ハバタクカミ,サーフゴー,オーガポン,ウーラオス,パオジアン","イーユイ,ウーラオス,オーガポン,カイリュー,ガチグマ(アカツキ),サーフゴー",ハバタクカミ,"オーガポン,ウーラオス",ウーラオス,"カイリュー,イーユイ"
"サーフゴー,オーガポン,ウーラオス,パオジアン,カイリュー,ハッサム","イーユイ,ウーラオス,カイリュー,サーフゴー,テツノツツミ,ガチグマ(アカツキ)",サーフゴー,"オーガポン,パオジアン",イーユイ,
"カイリュー,ハバタクカミ,サーフゴー,オーガポン,パオジアン,ウーラオス","イーユイ,ウーラオス,カイリュー,オーガポン,ガチグマ(アカツキ),テツノツツミ",ハバタクカミ,,イーユイ,
